{"root":{"tags":null,"delegatePickingToChildren":false,"renderToIntermediateTexture":false,"maxLayoutCycle":3,"adaptHeightToChildren":false,"adaptWidthToChildren":false,"background":"#00000000","metadata":{"_previousCenter":{"x":1,"y":1}},"isHitTestVisible":true,"isPointerBlocker":false,"isFocusInvisible":false,"clipChildren":true,"clipContent":true,"useBitmapCache":false,"shadowOffsetX":0,"shadowOffsetY":0,"shadowBlur":0,"shadowColor":"#000485FF","hoverCursor":"","alpha":1,"isSerializable":true,"scaleX":1,"scaleY":1,"rotation":0,"transformCenterY":0.5,"transformCenterX":0.5,"horizontalAlignment":2,"verticalAlignment":2,"fixedRatio":0,"fixedRatioMasterIsWidth":true,"width":"100%","height":"100%","color":"#00000000","zIndex":0,"notRenderable":false,"isVisible":true,"descendantsOnlyPadding":false,"paddingLeft":"0px","paddingRight":"0px","paddingTop":"0px","paddingBottom":"0px","left":"0%","top":"0%","linkOffsetX":"0px","linkOffsetY":"0px","isEnabled":true,"disabledColor":"#9a9a9a","disabledColorItem":"#6a6a6a","name":"root","className":"Container","fontSize":"18px","children":[{"tags":null,"thickness":1,"cornerRadius":0,"cornerRadiusX":0,"cornerRadiusY":0,"cornerRadiusZ":0,"cornerRadiusW":0,"delegatePickingToChildren":false,"renderToIntermediateTexture":false,"maxLayoutCycle":3,"adaptHeightToChildren":false,"adaptWidthToChildren":false,"background":"#CCCCCC00","metadata":{"_previousCenter":{"x":1,"y":198.42100524902344},"localBounds":{"left":-166.5,"top":-61.047,"right":166.5,"bottom":84.55},"storedValues":{"left":0,"top":185.22,"right":333,"bottom":307.31399999999996}},"isHitTestVisible":true,"isPointerBlocker":true,"isFocusInvisible":false,"clipChildren":true,"clipContent":true,"useBitmapCache":false,"shadowOffsetX":0,"shadowOffsetY":0,"shadowBlur":0,"shadowColor":"black","hoverCursor":"","alpha":1,"isSerializable":true,"scaleX":1,"scaleY":1,"rotation":0,"transformCenterY":0.5,"transformCenterX":0.5,"horizontalAlignment":2,"verticalAlignment":2,"fixedRatio":0,"fixedRatioMasterIsWidth":false,"width":"100%","height":"24.47%","color":"#00000000","zIndex":0,"notRenderable":false,"isVisible":true,"descendantsOnlyPadding":false,"paddingLeft":"0px","paddingRight":"0px","paddingTop":"0px","paddingBottom":"0px","left":"0%","top":"33.18%","linkOffsetX":"0px","linkOffsetY":"0px","isEnabled":true,"disabledColor":"#9a9a9a","disabledColorItem":"#6a6a6a","name":"RectangleTouch","className":"Rectangle","fontSize":"18px","children":[{"tags":null,"thickness":1,"cornerRadius":0,"cornerRadiusX":0,"cornerRadiusY":0,"cornerRadiusZ":0,"cornerRadiusW":0,"delegatePickingToChildren":false,"renderToIntermediateTexture":false,"maxLayoutCycle":3,"adaptHeightToChildren":false,"adaptWidthToChildren":false,"background":"#333333","metadata":{"_previousCenter":{"x":-83.30570220947266,"y":-2.4679999351501465},"localBounds":{"left":-20.935,"top":-39.28,"right":43.99,"bottom":20},"storedValues":{"left":-107.32161553044395,"top":7.048605034940874,"right":-65.45161553044395,"bottom":47.04860503494088}},"isHitTestVisible":true,"isPointerBlocker":true,"isFocusInvisible":false,"clipChildren":true,"clipContent":true,"useBitmapCache":false,"shadowOffsetX":0,"shadowOffsetY":0,"shadowBlur":0,"shadowColor":"black","hoverCursor":"","fontOffset":{"ascent":19.09088134765625,"height":24.54547119140625,"descent":5.45458984375},"alpha":0.5,"isSerializable":true,"scaleX":1,"scaleY":1,"rotation":0,"transformCenterY":0.5,"transformCenterX":0.5,"horizontalAlignment":2,"verticalAlignment":2,"fixedRatio":0,"fixedRatioMasterIsWidth":false,"width":"65.33px","height":"60.26px","color":"#ffffff","zIndex":0,"notRenderable":false,"isVisible":true,"descendantsOnlyPadding":false,"paddingLeft":"0px","paddingRight":"0px","paddingTop":"0px","paddingBottom":"0px","left":"-25.47%","top":"-2.89%","linkOffsetX":"0px","linkOffsetY":"0px","isEnabled":true,"disabledColor":"#9a9a9a","disabledColorItem":"#6a6a6a","name":"ButtonLeft","className":"Button","fontSize":"15%","children":[{"tags":null,"resizeToFit":false,"textWrapping":1,"text":"⇦ ","textHorizontalAlignment":2,"textVerticalAlignment":2,"lineSpacing":"0px","outlineWidth":0,"underline":false,"lineThrough":false,"applyOutlineToUnderline":false,"outlineColor":"white","wordDivider":" ","forceResizeWidth":false,"metadata":{"_previousCenter":{"x":1,"y":1}},"isHitTestVisible":true,"isPointerBlocker":false,"isFocusInvisible":false,"clipChildren":true,"clipContent":true,"useBitmapCache":false,"shadowOffsetX":0,"shadowOffsetY":0,"shadowBlur":0,"shadowColor":"black","hoverCursor":"","fontOffset":{"ascent":42.727294921875,"height":53.63641357421875,"descent":10.90911865234375},"alpha":1,"isSerializable":true,"scaleX":1,"scaleY":1,"rotation":0,"transformCenterY":0.5,"transformCenterX":0.5,"horizontalAlignment":2,"verticalAlignment":2,"fixedRatio":0,"fixedRatioMasterIsWidth":true,"width":"100%","height":"100%","color":"","zIndex":0,"notRenderable":false,"isVisible":true,"descendantsOnlyPadding":false,"paddingLeft":"0px","paddingRight":"0px","paddingTop":"0px","paddingBottom":"0px","left":"0px","top":"0px","linkOffsetX":"0px","linkOffsetY":"0px","isEnabled":true,"disabledColor":"#9a9a9a","disabledColorItem":"#6a6a6a","name":"Button_button","className":"TextBlock","fontSize":"80.7%"}],"textBlockName":"Button_button"},{"tags":null,"thickness":1,"cornerRadius":0,"cornerRadiusX":0,"cornerRadiusY":0,"cornerRadiusZ":0,"cornerRadiusW":0,"delegatePickingToChildren":false,"renderToIntermediateTexture":false,"maxLayoutCycle":3,"adaptHeightToChildren":false,"adaptWidthToChildren":false,"background":"#333333","metadata":{"_previousCenter":{"x":85.30570220947266,"y":-4.447999954223633},"localBounds":{"left":-20.935,"top":-39.28,"right":43.99,"bottom":20},"storedValues":{"left":-107.32161553044395,"top":7.048605034940874,"right":-65.45161553044395,"bottom":47.04860503494088}},"isHitTestVisible":true,"isPointerBlocker":true,"isFocusInvisible":false,"clipChildren":true,"clipContent":true,"useBitmapCache":false,"shadowOffsetX":0,"shadowOffsetY":0,"shadowBlur":0,"shadowColor":"black","hoverCursor":"","fontOffset":{"ascent":19.09088134765625,"height":24.54547119140625,"descent":5.45458984375},"alpha":0.5,"isSerializable":true,"scaleX":1,"scaleY":1,"rotation":0,"transformCenterY":0.5,"transformCenterX":0.5,"horizontalAlignment":2,"verticalAlignment":2,"fixedRatio":0,"fixedRatioMasterIsWidth":false,"width":"65.33px","height":"60.26px","color":"#ffffff","zIndex":0,"notRenderable":false,"isVisible":true,"descendantsOnlyPadding":false,"paddingLeft":"0px","paddingRight":"0px","paddingTop":"0px","paddingBottom":"0px","left":"25.47%","top":"-4.54%","linkOffsetX":"0px","linkOffsetY":"0px","isEnabled":true,"disabledColor":"#9a9a9a","disabledColorItem":"#6a6a6a","name":"ButtonRight","className":"Button","fontSize":"15%","children":[{"tags":null,"resizeToFit":false,"textWrapping":1,"text":"⇨ ","textHorizontalAlignment":2,"textVerticalAlignment":2,"lineSpacing":"0px","outlineWidth":0,"underline":false,"lineThrough":false,"applyOutlineToUnderline":false,"outlineColor":"white","wordDivider":" ","forceResizeWidth":false,"metadata":{"_previousCenter":{"x":1,"y":1}},"isHitTestVisible":true,"isPointerBlocker":false,"isFocusInvisible":false,"clipChildren":true,"clipContent":true,"useBitmapCache":false,"shadowOffsetX":0,"shadowOffsetY":0,"shadowBlur":0,"shadowColor":"black","hoverCursor":"","fontOffset":{"ascent":42.727294921875,"height":53.63641357421875,"descent":10.90911865234375},"alpha":1,"isSerializable":true,"scaleX":1,"scaleY":1,"rotation":0,"transformCenterY":0.5,"transformCenterX":0.5,"horizontalAlignment":2,"verticalAlignment":2,"fixedRatio":0,"fixedRatioMasterIsWidth":true,"width":"100%","height":"100%","color":"","zIndex":0,"notRenderable":false,"isVisible":true,"descendantsOnlyPadding":false,"paddingLeft":"0px","paddingRight":"0px","paddingTop":"0px","paddingBottom":"0px","left":"0px","top":"0px","linkOffsetX":"0px","linkOffsetY":"0px","isEnabled":true,"disabledColor":"#9a9a9a","disabledColorItem":"#6a6a6a","name":"Button_button","className":"TextBlock","fontSize":"80.7%"}],"textBlockName":"Button_button"},{"tags":null,"thickness":1,"cornerRadius":0,"cornerRadiusX":0,"cornerRadiusY":0,"cornerRadiusZ":0,"cornerRadiusW":0,"delegatePickingToChildren":false,"renderToIntermediateTexture":false,"maxLayoutCycle":3,"adaptHeightToChildren":false,"adaptWidthToChildren":false,"background":"#333333","metadata":{"_previousCenter":{"x":1,"y":-16.474599838256836},"localBounds":{"left":-90.51194999999998,"top":-17.067050000000002,"right":141.61,"bottom":17.067050000000002},"storedValues":{"left":0,"top":-17.4746,"right":181.02389999999997,"bottom":16.659500000000005}},"isHitTestVisible":true,"isPointerBlocker":true,"isFocusInvisible":false,"clipChildren":true,"clipContent":true,"useBitmapCache":false,"shadowOffsetX":0,"shadowOffsetY":0,"shadowBlur":0,"shadowColor":"black","hoverCursor":"","fontOffset":{"ascent":19.09088134765625,"height":24.54547119140625,"descent":5.45458984375},"alpha":0.5,"isSerializable":true,"scaleX":1,"scaleY":1,"rotation":0,"transformCenterY":0.5,"transformCenterX":0.5,"horizontalAlignment":2,"verticalAlignment":2,"fixedRatio":0,"fixedRatioMasterIsWidth":false,"width":"70.13%","height":"23.87%","color":"#ffffff","zIndex":0,"notRenderable":false,"isVisible":true,"descendantsOnlyPadding":false,"paddingLeft":"0px","paddingRight":"0px","paddingTop":"0px","paddingBottom":"0px","left":"0%","top":"-12.22%","linkOffsetX":"0px","linkOffsetY":"0px","isEnabled":true,"disabledColor":"#9a9a9a","disabledColorItem":"#6a6a6a","name":"ButtonUp","className":"Button","fontSize":"15%","children":[{"tags":null,"resizeToFit":false,"textWrapping":1,"text":"Fonte Quente (10)","textHorizontalAlignment":2,"textVerticalAlignment":2,"lineSpacing":"0px","outlineWidth":0,"underline":false,"lineThrough":false,"applyOutlineToUnderline":false,"outlineColor":"white","wordDivider":" ","forceResizeWidth":false,"metadata":{"_previousCenter":{"x":1,"y":1}},"isHitTestVisible":true,"isPointerBlocker":false,"isFocusInvisible":false,"clipChildren":true,"clipContent":true,"useBitmapCache":false,"shadowOffsetX":0,"shadowOffsetY":0,"shadowBlur":0,"shadowColor":"black","hoverCursor":"","fontOffset":{"ascent":23.6363525390625,"height":30,"descent":6.3636474609375},"alpha":1,"isSerializable":true,"scaleX":1,"scaleY":1,"rotation":0,"transformCenterY":0.5,"transformCenterX":0.5,"horizontalAlignment":2,"verticalAlignment":2,"fixedRatio":0,"fixedRatioMasterIsWidth":true,"width":"100%","height":"100%","color":"","zIndex":0,"notRenderable":false,"isVisible":true,"descendantsOnlyPadding":false,"paddingLeft":"0px","paddingRight":"0px","paddingTop":"0px","paddingBottom":"0px","left":"0px","top":"0px","linkOffsetX":"0px","linkOffsetY":"0px","isEnabled":true,"disabledColor":"#9a9a9a","disabledColorItem":"#6a6a6a","name":"Button_button","className":"TextBlock","fontSize":"80.7%"}],"textBlockName":"Button_button"},{"tags":null,"thickness":1,"cornerRadius":0,"cornerRadiusX":0,"cornerRadiusY":0,"cornerRadiusZ":0,"cornerRadiusW":0,"delegatePickingToChildren":false,"renderToIntermediateTexture":false,"maxLayoutCycle":3,"adaptHeightToChildren":false,"adaptWidthToChildren":false,"background":"#333333","metadata":{"_previousCenter":{"x":1,"y":44.459999084472656},"localBounds":{"left":-20.935,"top":-39.28,"right":43.99,"bottom":20},"storedValues":{"left":-107.32161553044395,"top":7.048605034940874,"right":-65.45161553044395,"bottom":47.04860503494088}},"isHitTestVisible":true,"isPointerBlocker":true,"isFocusInvisible":false,"clipChildren":true,"clipContent":true,"useBitmapCache":false,"shadowOffsetX":0,"shadowOffsetY":0,"shadowBlur":0,"shadowColor":"black","hoverCursor":"","fontOffset":{"ascent":19.09088134765625,"height":24.54547119140625,"descent":5.45458984375},"alpha":0.5,"isSerializable":true,"scaleX":1,"scaleY":1,"rotation":0,"transformCenterY":0.5,"transformCenterX":0.5,"horizontalAlignment":2,"verticalAlignment":2,"fixedRatio":0,"fixedRatioMasterIsWidth":true,"width":"19.74%","height":"42.14%","color":"#ffffff","zIndex":0,"notRenderable":false,"isVisible":true,"descendantsOnlyPadding":false,"paddingLeft":"0px","paddingRight":"0px","paddingTop":"0px","paddingBottom":"0px","left":"0%","top":"30.39%","linkOffsetX":"0px","linkOffsetY":"0px","isEnabled":true,"disabledColor":"#9a9a9a","disabledColorItem":"#6a6a6a","name":"ButtonDown","className":"Button","fontSize":"15%","children":[{"tags":null,"resizeToFit":false,"textWrapping":1,"text":"⇩","textHorizontalAlignment":2,"textVerticalAlignment":2,"lineSpacing":"0px","outlineWidth":0,"underline":false,"lineThrough":false,"applyOutlineToUnderline":false,"outlineColor":"white","wordDivider":" ","forceResizeWidth":false,"metadata":{"_previousCenter":{"x":1,"y":1}},"isHitTestVisible":true,"isPointerBlocker":false,"isFocusInvisible":false,"clipChildren":true,"clipContent":true,"useBitmapCache":false,"shadowOffsetX":0,"shadowOffsetY":0,"shadowBlur":0,"shadowColor":"black","hoverCursor":"","fontOffset":{"ascent":42.727294921875,"height":53.63641357421875,"descent":10.90911865234375},"alpha":1,"isSerializable":true,"scaleX":1,"scaleY":1,"rotation":0,"transformCenterY":0.5,"transformCenterX":0.5,"horizontalAlignment":2,"verticalAlignment":2,"fixedRatio":0,"fixedRatioMasterIsWidth":true,"width":"100%","height":"100%","color":"","zIndex":0,"notRenderable":false,"isVisible":true,"descendantsOnlyPadding":false,"paddingLeft":"0px","paddingRight":"0px","paddingTop":"0px","paddingBottom":"0px","left":"0px","top":"0px","linkOffsetX":"0px","linkOffsetY":"0px","isEnabled":true,"disabledColor":"#9a9a9a","disabledColorItem":"#6a6a6a","name":"Button_button","className":"TextBlock","fontSize":"80.7%"}],"textBlockName":"Button_button"}]},{"tags":null,"resizeToFit":false,"textWrapping":1,"text":"            \"🕰️ Em um pêndulo simples, o período de oscilação é diretamente proporcional à raiz quadrada do comprimento do fio e inversamente proporcional à raiz quadrada da aceleração da gravidade.\",","textHorizontalAlignment":2,"textVerticalAlignment":2,"lineSpacing":"0px","outlineWidth":0,"underline":false,"lineThrough":false,"applyOutlineToUnderline":false,"outlineColor":"white","wordDivider":" ","forceResizeWidth":false,"metadata":{"_previousCenter":{"x":-1.6140499114990234,"y":-136.63157653808594},"localBounds":{"left":-151.79805000000002,"top":-99.0675,"right":151.79805000000002,"bottom":99.07},"storedValues":{"left":13.186799999999998,"top":-291.99222222222215,"right":316.78290000000004,"bottom":-93.85722222222216}},"isHitTestVisible":true,"isPointerBlocker":true,"isFocusInvisible":false,"clipChildren":true,"clipContent":true,"useBitmapCache":false,"shadowOffsetX":2,"shadowOffsetY":2,"shadowBlur":1,"shadowColor":"#333333FF","hoverCursor":"","fontOffset":{"ascent":16.3636474609375,"height":20.9090576171875,"descent":4.54541015625},"alpha":1,"isSerializable":true,"scaleX":1,"scaleY":1,"rotation":0,"transformCenterY":0.5,"transformCenterX":0.5,"horizontalAlignment":0,"verticalAlignment":1,"fixedRatio":0,"fixedRatioMasterIsWidth":false,"width":"91.17%","height":"33.3%","color":"#FFFFFFFF","zIndex":0,"notRenderable":false,"isVisible":false,"descendantsOnlyPadding":false,"paddingLeft":"0px","paddingRight":"0px","paddingTop":"0px","paddingBottom":"0px","left":"12.0879px","top":"-336.0640740740739px","linkOffsetX":"0px","linkOffsetY":"0px","isEnabled":true,"disabledColor":"#9a9a9a","disabledColorItem":"#6a6a6a","name":"TextblockCenterPhrase","className":"TextBlock","fontSize":"18.48px"},{"tags":null,"resizeToFit":false,"textWrapping":0,"text":"Diagrama P x V","textHorizontalAlignment":2,"textVerticalAlignment":2,"lineSpacing":"0px","outlineWidth":0,"underline":false,"lineThrough":false,"applyOutlineToUnderline":false,"outlineColor":"white","wordDivider":" ","forceResizeWidth":false,"metadata":{"_previousCenter":{"x":-80.84239590167999,"y":-235.31877541542053},"localBounds":{"left":-151.79805000000002,"top":-18.2665,"right":49.88,"bottom":18.2665},"storedValues":{"left":8.097905449665964,"top":-506.52349999999996,"right":311.694005449666,"bottom":-469.99049999999994}},"isHitTestVisible":true,"isPointerBlocker":true,"isFocusInvisible":false,"clipChildren":true,"clipContent":true,"useBitmapCache":false,"shadowOffsetX":1,"shadowOffsetY":1,"shadowBlur":2,"shadowColor":"#000000FF","hoverCursor":"","fontOffset":{"ascent":11.81817626953125,"height":16.36358642578125,"descent":4.54541015625},"alpha":1,"isSerializable":true,"scaleX":1,"scaleY":1,"rotation":0.5410914273123292,"transformCenterY":0.5,"transformCenterX":0.5,"horizontalAlignment":0,"verticalAlignment":1,"fixedRatio":0,"fixedRatioMasterIsWidth":false,"width":"60.56%","height":"6.14%","color":"#FFFFFFFF","zIndex":0,"notRenderable":false,"isVisible":true,"descendantsOnlyPadding":false,"paddingLeft":"0px","paddingRight":"0px","paddingTop":"0px","paddingBottom":"0px","left":"-15.51687479148486px","top":"-86.71%","linkOffsetX":"0px","linkOffsetY":"0px","isEnabled":true,"disabledColor":"#9a9a9a","disabledColorItem":"#6a6a6a","name":"TextblockGraph","className":"TextBlock","fontSize":"2.25%"},{"tags":null,"resizeToFit":false,"textWrapping":0,"text":"Pontos: 0","textHorizontalAlignment":1,"textVerticalAlignment":2,"lineSpacing":"0px","outlineWidth":0,"underline":false,"lineThrough":false,"applyOutlineToUnderline":false,"outlineColor":"white","wordDivider":" ","forceResizeWidth":false,"metadata":{"_previousCenter":{"x":46.03824996948242,"y":-222.89849853515625},"localBounds":{"left":-113.43,"top":-38.972500000000004,"right":110.83904999999999,"bottom":38.972500000000004},"storedValues":{"left":106.9596,"top":-483.0805,"right":328.6377,"bottom":-405.1355}},"isHitTestVisible":true,"isPointerBlocker":true,"isFocusInvisible":false,"clipChildren":true,"clipContent":true,"useBitmapCache":false,"shadowOffsetX":2.4,"shadowOffsetY":3.9,"shadowBlur":4,"shadowColor":"#000000FF","hoverCursor":"","fontOffset":{"ascent":15.45452880859375,"height":20,"descent":4.54547119140625},"alpha":1,"isSerializable":true,"scaleX":1,"scaleY":1,"rotation":0,"transformCenterY":0.5,"transformCenterX":0.5,"horizontalAlignment":0,"verticalAlignment":1,"fixedRatio":0,"fixedRatioMasterIsWidth":false,"width":"67.35%","height":"13.100000000000001%","color":"#FFFFFFFF","zIndex":0,"notRenderable":false,"isVisible":true,"descendantsOnlyPadding":false,"paddingLeft":"0px","paddingRight":"0px","paddingTop":"0px","paddingBottom":"0px","left":"29.849999999999998%","top":"-81.08%","linkOffsetX":"0px","linkOffsetY":"0px","isEnabled":true,"disabledColor":"#9a9a9a","disabledColorItem":"#6a6a6a","name":"TextblockLevel","className":"TextBlock","fontSize":"2.93%"},{"tags":null,"thickness":1,"cornerRadius":0,"cornerRadiusX":0,"cornerRadiusY":0,"cornerRadiusZ":0,"cornerRadiusW":0,"delegatePickingToChildren":false,"renderToIntermediateTexture":false,"maxLayoutCycle":3,"adaptHeightToChildren":false,"adaptWidthToChildren":false,"background":"#FFFFFF96","metadata":{"_previousCenter":{"x":1,"y":248.8175048828125},"localBounds":{"left":-166.5,"top":-54.65075,"right":166.5,"bottom":45.29},"storedValues":{"left":0,"top":9.341500000000002,"right":333,"bottom":118.643}},"isHitTestVisible":true,"isPointerBlocker":true,"isFocusInvisible":false,"clipChildren":true,"clipContent":true,"useBitmapCache":false,"shadowOffsetX":0,"shadowOffsetY":0,"shadowBlur":0,"shadowColor":"black","hoverCursor":"","fontOffset":{"ascent":10,"height":14.54541015625,"descent":4.54541015625},"alpha":1,"isSerializable":true,"scaleX":1,"scaleY":1,"rotation":0,"transformCenterY":0.5,"transformCenterX":0.5,"horizontalAlignment":0,"verticalAlignment":1,"fixedRatio":0,"fixedRatioMasterIsWidth":false,"width":"100%","height":"16.8%","color":"#00000000","zIndex":0,"notRenderable":false,"isVisible":true,"descendantsOnlyPadding":false,"paddingLeft":"0px","paddingRight":"0px","paddingTop":"0px","paddingBottom":"0px","left":"0%","top":"0.05%","linkOffsetX":"0px","linkOffsetY":"0px","isEnabled":true,"disabledColor":"#9a9a9a","disabledColorItem":"#6a6a6a","name":"RectangleTop","className":"Rectangle","fontSize":"1.8799999999999997%","children":[{"tags":null,"resizeToFit":false,"textWrapping":0,"text":"dV: Infinitesimal de volume (m³).","textHorizontalAlignment":2,"textVerticalAlignment":2,"lineSpacing":"0px","outlineWidth":0,"underline":false,"lineThrough":false,"applyOutlineToUnderline":false,"outlineColor":"white","wordDivider":" ","forceResizeWidth":false,"metadata":{"_previousCenter":{"x":-11.644200325012207,"y":39.086700439453125},"localBounds":{"left":-160.92,"top":-15.14,"right":135.62,"bottom":15.14},"storedValues":{"left":0,"top":80.44,"right":321.84,"bottom":110.72}},"isHitTestVisible":true,"isPointerBlocker":true,"isFocusInvisible":false,"clipChildren":true,"clipContent":true,"useBitmapCache":false,"shadowOffsetX":0,"shadowOffsetY":0,"shadowBlur":0,"shadowColor":"#DC5F00","hoverCursor":"","fontOffset":{"ascent":13.63641357421875,"height":18.18182373046875,"descent":4.54541015625},"alpha":1,"isSerializable":true,"scaleX":1,"scaleY":1,"rotation":0,"transformCenterY":0.5,"transformCenterX":0.5,"horizontalAlignment":2,"verticalAlignment":0,"fixedRatio":0,"fixedRatioMasterIsWidth":false,"width":"298.33px","height":"30.82px","color":"#373A40FF","zIndex":0,"notRenderable":false,"isVisible":true,"descendantsOnlyPadding":false,"paddingLeft":"0px","paddingRight":"0px","paddingTop":"0px","paddingBottom":"0px","left":"-12.73px","top":"72.86px","linkOffsetX":"0px","linkOffsetY":"0px","isEnabled":true,"disabledColor":"#9a9a9a","disabledColorItem":"#6a6a6a","name":"TextBlockFiver","className":"TextBlock","fontSize":"14.99px"},{"tags":null,"resizeToFit":false,"textWrapping":0,"text":"𝑃: Pressão do gás (Pa).","textHorizontalAlignment":2,"textVerticalAlignment":2,"lineSpacing":"0px","outlineWidth":0,"underline":false,"lineThrough":false,"applyOutlineToUnderline":false,"outlineColor":"white","wordDivider":" ","forceResizeWidth":false,"metadata":{"_previousCenter":{"x":-12.989999771118164,"y":32.375},"localBounds":{"left":-160.91565,"top":-15.142000000000001,"right":122.66,"bottom":15.142000000000001},"storedValues":{"left":0,"top":57.4379,"right":321.8313,"bottom":87.7219}},"isHitTestVisible":true,"isPointerBlocker":true,"isFocusInvisible":false,"clipChildren":true,"clipContent":true,"useBitmapCache":false,"shadowOffsetX":0,"shadowOffsetY":0,"shadowBlur":0,"shadowColor":"#DC5F00","hoverCursor":"","fontOffset":{"ascent":13.63641357421875,"height":18.18182373046875,"descent":4.54541015625},"alpha":1,"isSerializable":true,"scaleX":1,"scaleY":1,"rotation":0,"transformCenterY":0.5,"transformCenterX":0.5,"horizontalAlignment":2,"verticalAlignment":0,"fixedRatio":0,"fixedRatioMasterIsWidth":false,"width":"285.28px","height":"30.82px","color":"#373A40FF","zIndex":0,"notRenderable":false,"isVisible":true,"descendantsOnlyPadding":false,"paddingLeft":"0px","paddingRight":"0px","paddingTop":"0px","paddingBottom":"0px","left":"-19.25px","top":"54.52px","linkOffsetX":"0px","linkOffsetY":"0px","isEnabled":true,"disabledColor":"#9a9a9a","disabledColorItem":"#6a6a6a","name":"TextBlockQuarter","className":"TextBlock","fontSize":"14.99px"},{"tags":null,"resizeToFit":false,"textWrapping":0,"text":" ∫: Símbolo de integração,","textHorizontalAlignment":2,"textVerticalAlignment":2,"lineSpacing":"0px","outlineWidth":0,"underline":false,"lineThrough":false,"applyOutlineToUnderline":false,"outlineColor":"white","wordDivider":" ","forceResizeWidth":false,"metadata":{"_previousCenter":{"x":-13.720000267028809,"y":6.784999847412109},"localBounds":{"left":-166.44335,"top":-12.08535,"right":137.19,"bottom":12.08535},"storedValues":{"left":0,"top":50.1494,"right":332.8867,"bottom":74.3201}},"isHitTestVisible":true,"isPointerBlocker":true,"isFocusInvisible":false,"clipChildren":true,"clipContent":true,"useBitmapCache":false,"shadowOffsetX":0,"shadowOffsetY":0,"shadowBlur":0,"shadowColor":"#EEEEEE","hoverCursor":"","fontOffset":{"ascent":13.63641357421875,"height":18.18182373046875,"descent":4.54541015625},"alpha":1,"isSerializable":true,"scaleX":1,"scaleY":1,"rotation":0,"transformCenterY":0.5,"transformCenterX":0.5,"horizontalAlignment":2,"verticalAlignment":0,"fixedRatio":0,"fixedRatioMasterIsWidth":false,"width":"305.46px","height":"24.59px","color":"#373A40FF","zIndex":0,"notRenderable":false,"isVisible":true,"descendantsOnlyPadding":false,"paddingLeft":"0px","paddingRight":"0px","paddingTop":"0px","paddingBottom":"0px","left":"-14.72px","top":"42.99px","linkOffsetX":"0px","linkOffsetY":"0px","isEnabled":true,"disabledColor":"#9a9a9a","disabledColorItem":"#6a6a6a","name":"TextBlockThird","className":"TextBlock","fontSize":"14.99px"},{"tags":null,"resizeToFit":false,"textWrapping":0,"text":"W: Trabalho realizado pelo gás (J).","textHorizontalAlignment":2,"textVerticalAlignment":2,"lineSpacing":"0px","outlineWidth":0,"underline":false,"lineThrough":false,"applyOutlineToUnderline":false,"outlineColor":"white","wordDivider":" ","forceResizeWidth":false,"metadata":{"_previousCenter":{"x":1.9599000215530396,"y":-6.052499771118164},"localBounds":{"left":-145.19315,"top":-11.83455,"right":182.06,"bottom":11.83455},"storedValues":{"left":-17.4768,"top":-7.0525,"right":272.9095,"bottom":16.6166}},"isHitTestVisible":true,"isPointerBlocker":true,"isFocusInvisible":false,"clipChildren":true,"clipContent":true,"useBitmapCache":false,"shadowOffsetX":0,"shadowOffsetY":0,"shadowBlur":0,"shadowColor":"black","hoverCursor":"","fontOffset":{"ascent":13.63641357421875,"height":18.18182373046875,"descent":4.54541015625},"alpha":1,"isSerializable":true,"scaleX":1,"scaleY":1,"rotation":0,"transformCenterY":0.5,"transformCenterX":0.5,"horizontalAlignment":2,"verticalAlignment":2,"fixedRatio":0,"fixedRatioMasterIsWidth":true,"width":"331.23px","height":"24.61px","color":"#373A40FF","zIndex":0,"notRenderable":false,"isVisible":true,"descendantsOnlyPadding":false,"paddingLeft":"0px","paddingRight":"0px","paddingTop":"0px","paddingBottom":"0px","left":"0px","top":"-10.42px","linkOffsetX":"0px","linkOffsetY":"0px","isEnabled":true,"disabledColor":"#9a9a9a","disabledColorItem":"#6a6a6a","name":"TextblockSecond","className":"TextBlock","fontSize":"14.99px"},{"tags":null,"resizeToFit":false,"textWrapping":0,"text":"W = ∫P⋅dV","textHorizontalAlignment":2,"textVerticalAlignment":2,"lineSpacing":"0px","outlineWidth":0,"underline":false,"lineThrough":false,"applyOutlineToUnderline":false,"outlineColor":"white","wordDivider":" ","forceResizeWidth":false,"metadata":{"_previousCenter":{"x":1,"y":-28.75},"localBounds":{"left":-170.4,"top":-13.2192,"right":146.4013,"bottom":13.2192},"storedValues":{"left":14.2661,"top":38.3656,"right":307.0687,"bottom":64.804}},"isHitTestVisible":true,"isPointerBlocker":true,"isFocusInvisible":false,"clipChildren":true,"clipContent":true,"useBitmapCache":false,"shadowOffsetX":0,"shadowOffsetY":0,"shadowBlur":0,"shadowColor":"#EEEEEE","hoverCursor":"","fontOffset":{"ascent":18.18182373046875,"height":23.6363525390625,"descent":5.45452880859375},"alpha":1,"isSerializable":true,"scaleX":1,"scaleY":1,"rotation":0,"transformCenterY":0.5,"transformCenterX":0.5,"horizontalAlignment":2,"verticalAlignment":0,"fixedRatio":0,"fixedRatioMasterIsWidth":true,"width":"326.47px","height":"27.92px","color":"#373A40FF","zIndex":0,"notRenderable":false,"isVisible":true,"descendantsOnlyPadding":false,"paddingLeft":"0px","paddingRight":"0px","paddingTop":"0px","paddingBottom":"0px","left":"0px","top":"5.789999999999999px","linkOffsetX":"0px","linkOffsetY":"0px","isEnabled":true,"disabledColor":"#9a9a9a","disabledColorItem":"#6a6a6a","name":"TextBlockFirst","className":"TextBlock","fontSize":"19.97px","fontWeight":"bold","fontStyle":"normal"}]},{"tags":null,"thickness":2,"cornerRadius":0,"cornerRadiusX":0,"cornerRadiusY":0,"cornerRadiusZ":0,"cornerRadiusW":0,"delegatePickingToChildren":false,"renderToIntermediateTexture":false,"maxLayoutCycle":3,"adaptHeightToChildren":false,"adaptWidthToChildren":false,"background":"#EEEEEEFF","metadata":{"_previousCenter":{"x":1,"y":139.4564971923828},"localBounds":{"left":-274.5,"top":-54.14,"right":274.5,"bottom":132.288},"storedValues":{"left":-0.003968227792935153,"top":279.7114434416651,"right":548.9960317722071,"bottom":544.2874434416651}},"isHitTestVisible":true,"isPointerBlocker":true,"isFocusInvisible":false,"clipChildren":true,"clipContent":true,"useBitmapCache":false,"shadowOffsetX":0,"shadowOffsetY":0,"shadowBlur":0,"shadowColor":"black","hoverCursor":"","fontOffset":{"ascent":10,"height":14.54541015625,"descent":4.54541015625},"alpha":1,"isSerializable":true,"scaleX":1,"scaleY":1,"rotation":0,"transformCenterY":0.5,"transformCenterX":0.5,"horizontalAlignment":2,"verticalAlignment":1,"fixedRatio":0,"fixedRatioMasterIsWidth":true,"width":"100%","height":"19.42%","color":"#FFFFFFFF","zIndex":0,"notRenderable":false,"isVisible":false,"descendantsOnlyPadding":false,"paddingLeft":"0px","paddingRight":"0px","paddingTop":"0px","paddingBottom":"0px","left":"0%","top":"-17.02%","linkOffsetX":"0px","linkOffsetY":"0px","isEnabled":true,"disabledColor":"#9a9a9a","disabledColorItem":"#6a6a6a","name":"RectangleGame","className":"Rectangle","fontSize":"1.8799999999999997%","children":[{"tags":null,"resizeToFit":false,"textWrapping":1,"text":"Pontos: 0 Voltz","textHorizontalAlignment":2,"textVerticalAlignment":2,"lineSpacing":"0px","outlineWidth":0,"underline":false,"lineThrough":false,"applyOutlineToUnderline":false,"outlineColor":"white","wordDivider":" ","forceResizeWidth":false,"metadata":{"_previousCenter":{"x":1,"y":-5.216000080108643},"localBounds":{"left":-276.83,"top":-22.975,"right":229.24769999999998,"bottom":22.975},"storedValues":{"left":25.47,"top":-10.31,"right":483.96539999999993,"bottom":35.64}},"isHitTestVisible":true,"isPointerBlocker":true,"isFocusInvisible":false,"clipChildren":true,"clipContent":true,"useBitmapCache":false,"shadowOffsetX":0,"shadowOffsetY":0,"shadowBlur":0,"shadowColor":"black","hoverCursor":"","fontOffset":{"ascent":16.3636474609375,"height":20.9090576171875,"descent":4.54541015625},"alpha":1,"isSerializable":true,"scaleX":1,"scaleY":1,"rotation":0,"transformCenterY":0.5,"transformCenterX":0.5,"horizontalAlignment":2,"verticalAlignment":2,"fixedRatio":0,"fixedRatioMasterIsWidth":false,"width":"92.52%","height":"24.97%","color":"#000000","zIndex":0,"notRenderable":false,"isVisible":true,"descendantsOnlyPadding":false,"paddingLeft":"0px","paddingRight":"0px","paddingTop":"0px","paddingBottom":"0px","left":"0%","top":"-5.6%","linkOffsetX":"0px","linkOffsetY":"0px","isEnabled":true,"disabledColor":"#9a9a9a","disabledColorItem":"#6a6a6a","name":"TextblockTotalScore","className":"TextBlock","fontSize":"16.3%"},{"tags":null,"resizeToFit":false,"textWrapping":0,"text":"Bola fora!","textHorizontalAlignment":2,"textVerticalAlignment":2,"lineSpacing":"0px","outlineWidth":0,"underline":false,"lineThrough":false,"applyOutlineToUnderline":false,"outlineColor":"white","wordDivider":" ","forceResizeWidth":false,"metadata":{"_previousCenter":{"x":1,"y":-31.645099639892578},"localBounds":{"left":-170.8,"top":-11.888100000000001,"right":134.36360000000002,"bottom":11.888100000000001},"storedValues":{"left":19.5097,"top":-37.4292,"right":288.23690000000005,"bottom":-13.652999999999999}},"isHitTestVisible":true,"isPointerBlocker":true,"isFocusInvisible":false,"clipChildren":true,"clipContent":true,"useBitmapCache":false,"shadowOffsetX":0,"shadowOffsetY":0,"shadowBlur":0,"shadowColor":"black","hoverCursor":"","fontOffset":{"ascent":16.3636474609375,"height":20.9090576171875,"descent":4.54541015625},"alpha":1,"isSerializable":true,"scaleX":1,"scaleY":1,"rotation":0,"transformCenterY":0.5,"transformCenterX":0.5,"horizontalAlignment":2,"verticalAlignment":2,"fixedRatio":0,"fixedRatioMasterIsWidth":false,"width":"92.75%","height":"21.42%","color":"#000000","zIndex":0,"notRenderable":false,"isVisible":true,"descendantsOnlyPadding":false,"paddingLeft":"0px","paddingRight":"0px","paddingTop":"0px","paddingBottom":"0px","left":"0%","top":"-29.410000000000004%","linkOffsetX":"0px","linkOffsetY":"0px","isEnabled":true,"disabledColor":"#9a9a9a","disabledColorItem":"#6a6a6a","name":"TextblockScoreGame","className":"TextBlock","fontSize":"16.3%"},{"tags":null,"thickness":1,"cornerRadius":12,"cornerRadiusX":12,"cornerRadiusY":12,"cornerRadiusZ":12,"cornerRadiusW":12,"delegatePickingToChildren":false,"renderToIntermediateTexture":false,"maxLayoutCycle":3,"adaptHeightToChildren":false,"adaptWidthToChildren":false,"background":"#0E3C01FF","metadata":{"_previousCenter":{"x":1,"y":26.50979995727539},"localBounds":{"left":-60.74985,"top":-14.973899999999999,"right":23.82,"bottom":14.973899999999999},"storedValues":{"left":0,"top":-9.024300000000002,"right":121.4997,"bottom":20.923499999999997}},"isHitTestVisible":true,"isPointerBlocker":true,"isFocusInvisible":false,"clipChildren":true,"clipContent":true,"useBitmapCache":false,"shadowOffsetX":2.9,"shadowOffsetY":2.8,"shadowBlur":0,"shadowColor":"#C1FFB0FF","hoverCursor":"","fontOffset":{"ascent":14.54547119140625,"height":19.09088134765625,"descent":4.54541015625},"alpha":0.9,"isSerializable":true,"scaleX":1,"scaleY":1,"rotation":0,"transformCenterY":0.5,"transformCenterX":0.5,"horizontalAlignment":2,"verticalAlignment":1,"fixedRatio":0,"fixedRatioMasterIsWidth":false,"width":"25.71%","height":"26.979999999999997%","color":"#000000FF","zIndex":0,"notRenderable":false,"isVisible":true,"descendantsOnlyPadding":false,"paddingLeft":"0px","paddingRight":"0px","paddingTop":"0px","paddingBottom":"0px","left":"0%","top":"-15.329999999999998%","linkOffsetX":"0px","linkOffsetY":"0px","isEnabled":true,"disabledColor":"#9a9a9a","disabledColorItem":"#6a6a6a","name":"ButtonMenuContinuar","className":"Button","fontSize":"14.66%","children":[{"tags":null,"resizeToFit":false,"textWrapping":0,"text":"Reiniciar","textHorizontalAlignment":2,"textVerticalAlignment":2,"lineSpacing":"0px","outlineWidth":0,"underline":false,"lineThrough":false,"applyOutlineToUnderline":false,"outlineColor":"white","wordDivider":" ","forceResizeWidth":false,"metadata":{"_previousCenter":{"x":1,"y":2.2905999422073364},"localBounds":{"left":-84.96475000000001,"top":-15.6546,"right":84.96475000000001,"bottom":10.93},"storedValues":{"left":-1.1492,"top":3.6503999999999994,"right":168.7803,"bottom":34.9596}},"isHitTestVisible":true,"isPointerBlocker":false,"isFocusInvisible":false,"clipChildren":true,"clipContent":true,"useBitmapCache":false,"shadowOffsetX":0,"shadowOffsetY":0,"shadowBlur":0,"shadowColor":"#000000","hoverCursor":"","fontOffset":{"ascent":14.54547119140625,"height":19.09088134765625,"descent":4.54541015625},"alpha":1,"isSerializable":true,"scaleX":1,"scaleY":1,"rotation":0,"transformCenterY":0.5,"transformCenterX":0.5,"horizontalAlignment":2,"verticalAlignment":2,"fixedRatio":0,"fixedRatioMasterIsWidth":false,"width":"100.55000000000001%","height":"98.44%","color":"#EEEEEEFF","zIndex":0,"notRenderable":false,"isVisible":true,"descendantsOnlyPadding":false,"paddingLeft":"0px","paddingRight":"0px","paddingTop":"0%","paddingBottom":"0px","left":"0%","top":"4.78%","linkOffsetX":"0px","linkOffsetY":"0px","isEnabled":true,"disabledColor":"#9a9a9a","disabledColorItem":"#6a6a6a","name":"Button_button","className":"TextBlock","fontSize":"47.37%","fontWeight":"1'"}],"textBlockName":"Button_button"}]},{"tags":null,"thickness":1,"cornerRadius":0,"cornerRadiusX":0,"cornerRadiusY":0,"cornerRadiusZ":0,"cornerRadiusW":0,"delegatePickingToChildren":false,"renderToIntermediateTexture":false,"maxLayoutCycle":3,"adaptHeightToChildren":false,"adaptWidthToChildren":false,"background":"#2D005AFF","metadata":{"_previousCenter":{"x":1,"y":1}},"isHitTestVisible":true,"isPointerBlocker":true,"isFocusInvisible":false,"clipChildren":true,"clipContent":true,"useBitmapCache":false,"shadowOffsetX":0,"shadowOffsetY":0,"shadowBlur":0,"shadowColor":"black","hoverCursor":"","alpha":1,"isSerializable":true,"scaleX":1,"scaleY":1,"rotation":0,"transformCenterY":0.5,"transformCenterX":0.5,"horizontalAlignment":2,"verticalAlignment":2,"fixedRatio":0,"fixedRatioMasterIsWidth":true,"width":"100%","height":"100%","color":"#000000","zIndex":0,"notRenderable":false,"isVisible":false,"descendantsOnlyPadding":false,"paddingLeft":"0px","paddingRight":"0px","paddingTop":"0px","paddingBottom":"0px","left":"0%","top":"0%","linkOffsetX":"0px","linkOffsetY":"0px","isEnabled":true,"disabledColor":"#9a9a9a","disabledColorItem":"#6a6a6a","name":"RectangleAviso","className":"Rectangle","fontSize":"18px","children":[{"tags":null,"thickness":1,"cornerRadius":0,"cornerRadiusX":0,"cornerRadiusY":0,"cornerRadiusZ":0,"cornerRadiusW":0,"delegatePickingToChildren":false,"renderToIntermediateTexture":false,"maxLayoutCycle":3,"adaptHeightToChildren":false,"adaptWidthToChildren":false,"background":"#31008FFF","metadata":{"localBounds":{"left":-154.62665,"top":-282.1494,"right":154.62665,"bottom":286.59},"storedValues":{"left":-0.86,"top":0,"right":308.3933,"bottom":564.2988},"_previousCenter":{"x":0.13999998569488525,"y":3.2200000286102295}},"isHitTestVisible":true,"isPointerBlocker":true,"isFocusInvisible":false,"clipChildren":true,"clipContent":true,"useBitmapCache":false,"shadowOffsetX":0,"shadowOffsetY":0,"shadowBlur":0,"shadowColor":"black","hoverCursor":"","alpha":1,"isSerializable":true,"scaleX":1,"scaleY":1,"rotation":0,"transformCenterY":0.5,"transformCenterX":0.5,"horizontalAlignment":2,"verticalAlignment":2,"fixedRatio":0,"fixedRatioMasterIsWidth":false,"width":"93.43%","height":"95.91%","color":"#000000","zIndex":0,"notRenderable":false,"isVisible":true,"descendantsOnlyPadding":false,"paddingLeft":"0px","paddingRight":"0px","paddingTop":"0px","paddingBottom":"0px","left":"-0.86px","top":"2.22px","linkOffsetX":"0px","linkOffsetY":"0px","isEnabled":true,"disabledColor":"#9a9a9a","disabledColorItem":"#6a6a6a","name":"Rectangle","className":"Rectangle","fontSize":"18px","children":[{"tags":null,"thickness":1,"cornerRadius":0,"cornerRadiusX":0,"cornerRadiusY":0,"cornerRadiusZ":0,"cornerRadiusW":0,"delegatePickingToChildren":false,"renderToIntermediateTexture":false,"maxLayoutCycle":3,"adaptHeightToChildren":false,"adaptWidthToChildren":false,"background":"#333333","metadata":{"_previousCenter":{"x":1,"y":169.50570678710938},"localBounds":{"left":-60,"top":-20,"right":121.65,"bottom":20},"storedValues":{"left":0,"top":0,"right":120,"bottom":40}},"isHitTestVisible":true,"isPointerBlocker":true,"isFocusInvisible":false,"clipChildren":true,"clipContent":true,"useBitmapCache":false,"shadowOffsetX":0,"shadowOffsetY":0,"shadowBlur":0,"shadowColor":"black","hoverCursor":"","alpha":1,"isSerializable":true,"scaleX":1,"scaleY":1,"rotation":0,"transformCenterY":0.5,"transformCenterX":0.5,"horizontalAlignment":2,"verticalAlignment":2,"fixedRatio":0,"fixedRatioMasterIsWidth":false,"width":"181.65px","height":"40px","color":"#ffffff","zIndex":0,"notRenderable":false,"isVisible":false,"descendantsOnlyPadding":false,"paddingLeft":"0px","paddingRight":"0px","paddingTop":"0px","paddingBottom":"0px","left":"0px","top":"168.5057131336277px","linkOffsetX":"0px","linkOffsetY":"0px","isEnabled":true,"disabledColor":"#9a9a9a","disabledColorItem":"#6a6a6a","name":"ButtonEfeitoSuave","className":"Button","fontSize":"18px","children":[{"tags":null,"resizeToFit":false,"textWrapping":1,"text":"Efeito Suave","textHorizontalAlignment":2,"textVerticalAlignment":2,"lineSpacing":"0px","outlineWidth":0,"underline":false,"lineThrough":false,"applyOutlineToUnderline":false,"outlineColor":"white","wordDivider":" ","forceResizeWidth":false,"metadata":{"_previousCenter":{"x":1,"y":1}},"isHitTestVisible":true,"isPointerBlocker":false,"isFocusInvisible":false,"clipChildren":true,"clipContent":true,"useBitmapCache":false,"shadowOffsetX":0,"shadowOffsetY":0,"shadowBlur":0,"shadowColor":"black","hoverCursor":"","fontOffset":{"ascent":16.3636474609375,"height":20.9090576171875,"descent":4.54541015625},"alpha":1,"isSerializable":true,"scaleX":1,"scaleY":1,"rotation":0,"transformCenterY":0.5,"transformCenterX":0.5,"horizontalAlignment":2,"verticalAlignment":2,"fixedRatio":0,"fixedRatioMasterIsWidth":true,"width":"100%","height":"100%","color":"","zIndex":0,"notRenderable":false,"isVisible":true,"descendantsOnlyPadding":false,"paddingLeft":"0px","paddingRight":"0px","paddingTop":"0px","paddingBottom":"0px","left":"0px","top":"0px","linkOffsetX":"0px","linkOffsetY":"0px","isEnabled":true,"disabledColor":"#9a9a9a","disabledColorItem":"#6a6a6a","name":"Button_button","className":"TextBlock","fontSize":"18px"}],"textBlockName":"Button_button"},{"tags":null,"resizeToFit":false,"textWrapping":1,"text":"700 - 709: Professor de Termodinâmica 🔥","textHorizontalAlignment":0,"textVerticalAlignment":2,"lineSpacing":"0px","outlineWidth":0,"underline":false,"lineThrough":false,"applyOutlineToUnderline":false,"outlineColor":"white","wordDivider":" ","forceResizeWidth":false,"metadata":{"_previousCenter":{"x":9.503899574279785,"y":-70.5989990234375},"localBounds":{"left":-141.8647,"top":-205.1184,"right":154.2,"bottom":205.1184},"storedValues":{"left":-6.2628,"top":-67.7502,"right":277.46659999999997,"bottom":342.4866}},"isHitTestVisible":true,"isPointerBlocker":true,"isFocusInvisible":false,"clipChildren":true,"clipContent":true,"useBitmapCache":false,"shadowOffsetX":0,"shadowOffsetY":0,"shadowBlur":0,"shadowColor":"black","hoverCursor":"","fontOffset":{"ascent":13.63641357421875,"height":18.18182373046875,"descent":4.54541015625},"alpha":1,"isSerializable":true,"scaleX":1,"scaleY":1,"rotation":0,"transformCenterY":0.5,"transformCenterX":0.5,"horizontalAlignment":2,"verticalAlignment":2,"fixedRatio":0,"fixedRatioMasterIsWidth":false,"width":"96.44%","height":"72.48%","color":"#FFFFFFFF","zIndex":0,"notRenderable":false,"isVisible":true,"descendantsOnlyPadding":false,"paddingLeft":"0px","paddingRight":"0px","paddingTop":"0px","paddingBottom":"0px","left":"2.77%","top":"-12.65%","linkOffsetX":"0px","linkOffsetY":"0px","isEnabled":true,"disabledColor":"#9a9a9a","disabledColorItem":"#6a6a6a","name":"TextblockAviso","className":"TextBlock","fontSize":"15px"},{"tags":null,"thickness":1,"cornerRadius":0,"cornerRadiusX":0,"cornerRadiusY":0,"cornerRadiusZ":0,"cornerRadiusW":0,"delegatePickingToChildren":false,"renderToIntermediateTexture":false,"maxLayoutCycle":3,"adaptHeightToChildren":false,"adaptWidthToChildren":false,"background":"#000485FF","metadata":{"_previousCenter":{"x":11.038900375366211,"y":165.7783966064453},"localBounds":{"left":6.839999999999999,"top":-20.19165,"right":155.2721,"bottom":20.19165},"storedValues":{"left":0,"top":130.46,"right":310.5442,"bottom":170.8433}},"isHitTestVisible":true,"isPointerBlocker":true,"isFocusInvisible":false,"clipChildren":true,"clipContent":true,"useBitmapCache":false,"shadowOffsetX":5,"shadowOffsetY":5,"shadowBlur":0,"shadowColor":"#080703FF","hoverCursor":"","fontOffset":{"ascent":10.90911865234375,"height":15.45452880859375,"descent":4.54541015625},"alpha":1,"isSerializable":true,"scaleX":1,"scaleY":1,"rotation":0,"transformCenterY":0.5,"transformCenterX":0.5,"horizontalAlignment":2,"verticalAlignment":2,"fixedRatio":0,"fixedRatioMasterIsWidth":false,"width":"44.84%","height":"6.81%","color":"#FFFFFFFF","zIndex":0,"notRenderable":false,"isVisible":true,"descendantsOnlyPadding":false,"paddingLeft":"0px","paddingRight":"0px","paddingTop":"0px","paddingBottom":"0px","left":"3.27%","top":"29.32%","linkOffsetX":"0px","linkOffsetY":"0px","isEnabled":true,"disabledColor":"#9a9a9a","disabledColorItem":"#6a6a6a","name":"ButtonMenuPlay","className":"Button","fontSize":"2.12%","children":[{"tags":null,"resizeToFit":false,"textWrapping":1,"text":"Jogar","textHorizontalAlignment":2,"textVerticalAlignment":2,"lineSpacing":"0px","outlineWidth":0,"underline":false,"lineThrough":false,"applyOutlineToUnderline":false,"outlineColor":"white","wordDivider":" ","forceResizeWidth":false,"metadata":{"_previousCenter":{"x":1,"y":3.1816000938415527},"localBounds":{"left":-80.5,"top":-29,"right":80.39,"bottom":29},"storedValues":{"left":0,"top":0,"right":161,"bottom":58}},"isHitTestVisible":true,"isPointerBlocker":false,"isFocusInvisible":false,"clipChildren":true,"clipContent":true,"useBitmapCache":false,"shadowOffsetX":0,"shadowOffsetY":0,"shadowBlur":0,"shadowColor":"black","hoverCursor":"","fontOffset":{"ascent":25.45452880859375,"height":32.727294921875,"descent":7.27276611328125},"alpha":1,"isSerializable":true,"scaleX":1,"scaleY":1,"rotation":0,"transformCenterY":0.5,"transformCenterX":0.5,"horizontalAlignment":2,"verticalAlignment":2,"fixedRatio":0,"fixedRatioMasterIsWidth":false,"width":"99.93%","height":"100%","color":"#66F50FFF","zIndex":0,"notRenderable":false,"isVisible":true,"descendantsOnlyPadding":false,"paddingLeft":"0px","paddingRight":"0px","paddingTop":"0px","paddingBottom":"0px","left":"0%","top":"6.06%","linkOffsetX":"0px","linkOffsetY":"0px","isEnabled":true,"disabledColor":"#9a9a9a","disabledColorItem":"#6a6a6a","name":"Button_button","className":"TextBlock","fontFamily":"Arial","fontSize":"78.95%"}],"textBlockName":"Button_button"},{"tags":null,"thickness":1,"cornerRadius":0,"cornerRadiusX":0,"cornerRadiusY":0,"cornerRadiusZ":0,"cornerRadiusW":0,"delegatePickingToChildren":false,"renderToIntermediateTexture":false,"maxLayoutCycle":3,"adaptHeightToChildren":false,"adaptWidthToChildren":false,"background":"#333333","metadata":{"_previousCenter":{"x":1,"y":102.3573989868164},"localBounds":{"left":-60,"top":-20,"right":121.65,"bottom":20},"storedValues":{"left":0,"top":0,"right":120,"bottom":40}},"isHitTestVisible":true,"isPointerBlocker":true,"isFocusInvisible":false,"clipChildren":true,"clipContent":true,"useBitmapCache":false,"shadowOffsetX":0,"shadowOffsetY":0,"shadowBlur":0,"shadowColor":"black","hoverCursor":"","alpha":1,"isSerializable":true,"scaleX":1,"scaleY":1,"rotation":0,"transformCenterY":0.5,"transformCenterX":0.5,"horizontalAlignment":2,"verticalAlignment":2,"fixedRatio":0,"fixedRatioMasterIsWidth":false,"width":"181.65px","height":"40px","color":"#ffffff","zIndex":0,"notRenderable":false,"isVisible":false,"descendantsOnlyPadding":false,"paddingLeft":"0px","paddingRight":"0px","paddingTop":"0px","paddingBottom":"0px","left":"0px","top":"101.35739651658952px","linkOffsetX":"0px","linkOffsetY":"0px","isEnabled":true,"disabledColor":"#9a9a9a","disabledColorItem":"#6a6a6a","name":"ButtonEfeitoIntenso","className":"Button","fontSize":"18px","children":[{"tags":null,"resizeToFit":false,"textWrapping":1,"text":"Efeito Intenso","textHorizontalAlignment":2,"textVerticalAlignment":2,"lineSpacing":"0px","outlineWidth":0,"underline":false,"lineThrough":false,"applyOutlineToUnderline":false,"outlineColor":"white","wordDivider":" ","forceResizeWidth":false,"metadata":{"_previousCenter":{"x":1,"y":1}},"isHitTestVisible":true,"isPointerBlocker":false,"isFocusInvisible":false,"clipChildren":true,"clipContent":true,"useBitmapCache":false,"shadowOffsetX":0,"shadowOffsetY":0,"shadowBlur":0,"shadowColor":"black","hoverCursor":"","fontOffset":{"ascent":16.3636474609375,"height":20.9090576171875,"descent":4.54541015625},"alpha":1,"isSerializable":true,"scaleX":1,"scaleY":1,"rotation":0,"transformCenterY":0.5,"transformCenterX":0.5,"horizontalAlignment":2,"verticalAlignment":2,"fixedRatio":0,"fixedRatioMasterIsWidth":true,"width":"100%","height":"100%","color":"","zIndex":0,"notRenderable":false,"isVisible":true,"descendantsOnlyPadding":false,"paddingLeft":"0px","paddingRight":"0px","paddingTop":"0px","paddingBottom":"0px","left":"0px","top":"0px","linkOffsetX":"0px","linkOffsetY":"0px","isEnabled":true,"disabledColor":"#9a9a9a","disabledColorItem":"#6a6a6a","name":"Button_button","className":"TextBlock","fontSize":"18px"}],"textBlockName":"Button_button"}]}]},{"tags":null,"thickness":1,"cornerRadius":7,"cornerRadiusX":7,"cornerRadiusY":7,"cornerRadiusZ":7,"cornerRadiusW":7,"delegatePickingToChildren":false,"renderToIntermediateTexture":false,"maxLayoutCycle":3,"adaptHeightToChildren":false,"adaptWidthToChildren":false,"background":"#B43F3FFF","metadata":{"_previousCenter":{"x":141.22630310058594,"y":275.71148681640625},"localBounds":{"left":-39.37,"top":-34.74,"right":28.57545,"bottom":25.2},"storedValues":{"left":-23.497200000000003,"top":-14.688,"right":33.6537,"bottom":35.711999999999996}},"isHitTestVisible":true,"isPointerBlocker":true,"isFocusInvisible":false,"clipChildren":true,"clipContent":true,"useBitmapCache":false,"shadowOffsetX":0,"shadowOffsetY":0,"shadowBlur":0,"shadowColor":"black","hoverCursor":"","fontOffset":{"ascent":39.0909423828125,"height":49.0909423828125,"descent":10},"alpha":1,"isSerializable":true,"scaleX":1,"scaleY":1,"rotation":0,"transformCenterY":0.5,"transformCenterX":0.5,"horizontalAlignment":1,"verticalAlignment":1,"fixedRatio":0,"fixedRatioMasterIsWidth":false,"width":"12.38%","height":"6.24%","color":"#000000FF","zIndex":0,"notRenderable":false,"isVisible":true,"descendantsOnlyPadding":false,"paddingLeft":"0px","paddingRight":"0px","paddingTop":"0px","paddingBottom":"0px","left":"-1.7000000000000002%","top":"-0.71%","linkOffsetX":"0px","linkOffsetY":"0px","isEnabled":true,"disabledColor":"#9a9a9a","disabledColorItem":"#6a6a6a","name":"ButtonMenu","className":"Button","fontSize":"7.290000000000001%","children":[{"tags":null,"resizeToFit":false,"textWrapping":0,"text":"⌂","textHorizontalAlignment":2,"textVerticalAlignment":1,"lineSpacing":"0px","outlineWidth":0,"underline":false,"lineThrough":false,"applyOutlineToUnderline":false,"outlineColor":"white","wordDivider":" ","forceResizeWidth":false,"metadata":{"_previousCenter":{"x":0.9883000003173947,"y":0.7095000147819519},"localBounds":{"left":-59.5,"top":-25.04075,"right":59.5,"bottom":15.77},"storedValues":{"left":0,"top":7.658799999999999,"right":119,"bottom":57.7403}},"isHitTestVisible":true,"isPointerBlocker":false,"isFocusInvisible":false,"clipChildren":true,"clipContent":true,"useBitmapCache":false,"shadowOffsetX":0,"shadowOffsetY":0,"shadowBlur":0,"shadowColor":"#000000","hoverCursor":"","fontOffset":{"ascent":14.54547119140625,"height":19.09088134765625,"descent":4.54541015625},"alpha":1,"isSerializable":true,"scaleX":1,"scaleY":1,"rotation":0,"transformCenterY":0.5,"transformCenterX":0.5,"horizontalAlignment":2,"verticalAlignment":2,"fixedRatio":0,"fixedRatioMasterIsWidth":false,"width":"101.68000000000002%","height":"104.39%","color":"#F8EDEDFF","zIndex":0,"notRenderable":false,"isVisible":true,"descendantsOnlyPadding":false,"paddingLeft":"0px","paddingRight":"0px","paddingTop":"0%","paddingBottom":"0px","left":"-0.03%","top":"-0.83%","linkOffsetX":"0px","linkOffsetY":"0px","isEnabled":true,"disabledColor":"#9a9a9a","disabledColorItem":"#6a6a6a","name":"Button_button","className":"TextBlock","fontSize":"52.61%","fontWeight":"1'"}],"textBlockName":"Button_button"},{"tags":null,"thickness":1,"cornerRadius":0,"cornerRadiusX":0,"cornerRadiusY":0,"cornerRadiusZ":0,"cornerRadiusW":0,"delegatePickingToChildren":false,"renderToIntermediateTexture":false,"maxLayoutCycle":3,"adaptHeightToChildren":false,"adaptWidthToChildren":false,"background":"#31008FFF","metadata":{"_previousCenter":{"x":1,"y":1},"localBounds":{"left":-270,"top":-431.13,"right":270,"bottom":420.432},"storedValues":{"left":0,"top":59.57,"right":540,"bottom":900.4340000000001}},"isHitTestVisible":true,"isPointerBlocker":true,"isFocusInvisible":false,"clipChildren":true,"clipContent":true,"useBitmapCache":false,"shadowOffsetX":0,"shadowOffsetY":0,"shadowBlur":0,"shadowColor":"black","hoverCursor":"","alpha":0.87,"isSerializable":true,"scaleX":1,"scaleY":1,"rotation":0,"transformCenterY":0.5,"transformCenterX":0.5,"horizontalAlignment":2,"verticalAlignment":2,"fixedRatio":0,"fixedRatioMasterIsWidth":false,"width":"100%","height":"100%","color":"#000000","zIndex":0,"notRenderable":false,"isVisible":false,"descendantsOnlyPadding":false,"paddingLeft":"0px","paddingRight":"0px","paddingTop":"0px","paddingBottom":"0px","left":"0px","top":"0px","linkOffsetX":"0px","linkOffsetY":"0px","isEnabled":true,"disabledColor":"#9a9a9a","disabledColorItem":"#6a6a6a","name":"RectangleMenu","className":"Rectangle","fontSize":"18px","children":[{"tags":null,"resizeToFit":false,"textWrapping":1,"text":"Carnot Game","textHorizontalAlignment":2,"textVerticalAlignment":2,"lineSpacing":"0px","outlineWidth":8.21,"underline":false,"lineThrough":false,"applyOutlineToUnderline":false,"outlineColor":"#000485FF","wordDivider":" ","forceResizeWidth":false,"metadata":{"_previousCenter":{"x":-1.8847521916031837,"y":-184.55554100126028},"localBounds":{"left":-133.98,"top":-47.845,"right":133.98,"bottom":57.01},"storedValues":{"left":-20.69,"top":-187.42,"right":247.26999999999998,"bottom":-91.72999999999999}},"isHitTestVisible":true,"isPointerBlocker":true,"isFocusInvisible":false,"clipChildren":true,"clipContent":true,"useBitmapCache":false,"shadowOffsetX":2,"shadowOffsetY":0,"shadowBlur":10,"shadowColor":"#FFFFFFFF","hoverCursor":"","fontOffset":{"ascent":50.9090576171875,"height":61.81817626953125,"descent":10.90911865234375},"alpha":1,"isSerializable":true,"scaleX":1,"scaleY":1,"rotation":6.22,"transformCenterY":0.5,"transformCenterX":0.5,"horizontalAlignment":2,"verticalAlignment":2,"fixedRatio":0,"fixedRatioMasterIsWidth":true,"width":"78.49%","height":"17.68%","color":"#000485FF","zIndex":0,"notRenderable":false,"isVisible":true,"descendantsOnlyPadding":false,"paddingLeft":"0px","paddingRight":"0px","paddingTop":"0px","paddingBottom":"0px","left":"-0.89%","top":"-31.28%","linkOffsetX":"0px","linkOffsetY":"0px","isEnabled":true,"disabledColor":"#9a9a9a","disabledColorItem":"#6a6a6a","name":"TextblockTitle2","className":"TextBlock","fontFamily":"Verdana","fontSize":"8.59%","fontStyle":"normal"},{"tags":null,"resizeToFit":false,"textWrapping":1,"text":"Carnot Game","textHorizontalAlignment":2,"textVerticalAlignment":2,"lineSpacing":"0px","outlineWidth":4,"underline":false,"lineThrough":false,"applyOutlineToUnderline":false,"outlineColor":"#000485FF","wordDivider":" ","forceResizeWidth":false,"metadata":{"_previousCenter":{"x":1.0611477717757225,"y":-186.80894371122122},"localBounds":{"left":-132.25105,"top":-54.0223,"right":173.02,"bottom":105.44},"storedValues":{"left":-1.7211999999999998,"top":-185.3125,"right":262.7809,"bottom":-77.2679}},"isHitTestVisible":true,"isPointerBlocker":true,"isFocusInvisible":false,"clipChildren":true,"clipContent":true,"useBitmapCache":false,"shadowOffsetX":-4,"shadowOffsetY":0,"shadowBlur":3,"shadowColor":"#512C96FF","hoverCursor":"","fontOffset":{"ascent":52.727294921875,"height":63.6363525390625,"descent":10.9090576171875},"alpha":1,"isSerializable":true,"scaleX":1,"scaleY":1,"rotation":6.22,"transformCenterY":0.5,"transformCenterX":0.5,"horizontalAlignment":2,"verticalAlignment":2,"fixedRatio":0,"fixedRatioMasterIsWidth":false,"width":"92.23%","height":"26.890000000000004%","color":"#66F50FFF","zIndex":0,"notRenderable":false,"isVisible":true,"descendantsOnlyPadding":false,"paddingLeft":"0px","paddingRight":"0px","paddingTop":"0px","paddingBottom":"0px","left":"0%","top":"-31.66%","linkOffsetX":"0px","linkOffsetY":"0px","isEnabled":true,"disabledColor":"#9a9a9a","disabledColorItem":"#6a6a6a","name":"TextblockTitle","className":"TextBlock","fontFamily":"Verdana","fontSize":"8.89%","fontStyle":"normal"},{"tags":null,"resizeToFit":false,"textWrapping":0,"text":"Nível: Iniciante.","textHorizontalAlignment":2,"textVerticalAlignment":2,"lineSpacing":"0px","outlineWidth":0,"underline":false,"lineThrough":false,"applyOutlineToUnderline":false,"outlineColor":"white","wordDivider":" ","forceResizeWidth":false,"metadata":{"_previousCenter":{"x":1,"y":108.74810028076172},"localBounds":{"left":-164.42,"top":-23.749650000000003,"right":157.60565,"bottom":23.749650000000003},"storedValues":{"left":2.09,"top":107.76,"right":317.30129999999997,"bottom":155.2593}},"isHitTestVisible":true,"isPointerBlocker":true,"isFocusInvisible":false,"clipChildren":true,"clipContent":true,"useBitmapCache":false,"shadowOffsetX":2,"shadowOffsetY":2,"shadowBlur":0,"shadowColor":"#000000FF","hoverCursor":"","fontOffset":{"ascent":16.3636474609375,"height":20.9090576171875,"descent":4.54541015625},"alpha":1,"isSerializable":true,"scaleX":1,"scaleY":1,"rotation":0,"transformCenterY":0.5,"transformCenterX":0.5,"horizontalAlignment":2,"verticalAlignment":2,"fixedRatio":0,"fixedRatioMasterIsWidth":false,"width":"97.29%","height":"8.01%","color":"#FFFFFFFF","zIndex":0,"notRenderable":false,"isVisible":true,"descendantsOnlyPadding":false,"paddingLeft":"0px","paddingRight":"0px","paddingTop":"0px","paddingBottom":"0px","left":"0%","top":"18.17%","linkOffsetX":"0px","linkOffsetY":"0px","isEnabled":true,"disabledColor":"#9a9a9a","disabledColorItem":"#6a6a6a","name":"TextblockMenuLevel","className":"TextBlock","fontSize":"2.99%"},{"tags":null,"resizeToFit":false,"textWrapping":0,"text":"Maior pontuação:","textHorizontalAlignment":2,"textVerticalAlignment":2,"lineSpacing":"0px","outlineWidth":0,"underline":false,"lineThrough":false,"applyOutlineToUnderline":false,"outlineColor":"white","wordDivider":" ","forceResizeWidth":false,"metadata":{"_previousCenter":{"x":1,"y":29.760499954223633},"localBounds":{"left":-177.1733,"top":-38.3679,"right":204.98,"bottom":38.3679},"storedValues":{"left":-18.926199999999998,"top":-29.7938,"right":335.42040000000003,"bottom":46.94199999999999}},"isHitTestVisible":true,"isPointerBlocker":true,"isFocusInvisible":false,"clipChildren":true,"clipContent":true,"useBitmapCache":false,"shadowOffsetX":2,"shadowOffsetY":2,"shadowBlur":0,"shadowColor":"#000000FF","hoverCursor":"","fontOffset":{"ascent":22.727294921875,"height":29.09088134765625,"descent":6.36358642578125},"alpha":1,"isSerializable":true,"scaleX":1,"scaleY":1,"rotation":0,"transformCenterY":0.5,"transformCenterX":0.5,"horizontalAlignment":2,"verticalAlignment":2,"fixedRatio":0,"fixedRatioMasterIsWidth":false,"width":"69.86%","height":"8.01%","color":"#FFFFFFFF","zIndex":0,"notRenderable":false,"isVisible":true,"descendantsOnlyPadding":false,"paddingLeft":"0px","paddingRight":"0px","paddingTop":"0px","paddingBottom":"0px","left":"0%","top":"4.85%","linkOffsetX":"0px","linkOffsetY":"0px","isEnabled":true,"disabledColor":"#9a9a9a","disabledColorItem":"#6a6a6a","name":"TextblockMenuScore","className":"TextBlock","fontSize":"4.18%"},{"tags":null,"resizeToFit":false,"textWrapping":0,"text":"0","textHorizontalAlignment":2,"textVerticalAlignment":2,"lineSpacing":"0px","outlineWidth":0,"underline":false,"lineThrough":false,"applyOutlineToUnderline":false,"outlineColor":"white","wordDivider":" ","forceResizeWidth":false,"metadata":{"_previousCenter":{"x":1,"y":53.3026008605957},"localBounds":{"left":-103.28855,"top":-30.569150000000004,"right":151.5,"bottom":30.569150000000004},"storedValues":{"left":0,"top":21.051499999999997,"right":206.5771,"bottom":82.1898}},"isHitTestVisible":true,"isPointerBlocker":true,"isFocusInvisible":false,"clipChildren":true,"clipContent":true,"useBitmapCache":false,"shadowOffsetX":2,"shadowOffsetY":2,"shadowBlur":0,"shadowColor":"black","hoverCursor":"","fontOffset":{"ascent":33.6363525390625,"height":42.727294921875,"descent":9.0909423828125},"alpha":1,"isSerializable":true,"scaleX":1,"scaleY":1,"rotation":0,"transformCenterY":0.5,"transformCenterX":0.5,"horizontalAlignment":2,"verticalAlignment":2,"fixedRatio":0,"fixedRatioMasterIsWidth":false,"width":"76.98%","height":"10.31%","color":"#FFFFFFFF","zIndex":0,"notRenderable":false,"isVisible":true,"descendantsOnlyPadding":false,"paddingLeft":"0px","paddingRight":"0px","paddingTop":"0px","paddingBottom":"0px","left":"0%","top":"12.05%","linkOffsetX":"0px","linkOffsetY":"0px","isEnabled":true,"disabledColor":"#9a9a9a","disabledColorItem":"#6a6a6a","name":"TextblockMenuBest","className":"TextBlock","fontSize":"6.260000000000001%"},{"tags":null,"resizeToFit":false,"textWrapping":0,"text":"2024 © Rafael João Ribeiro ","textHorizontalAlignment":2,"textVerticalAlignment":2,"lineSpacing":"0px","outlineWidth":0,"underline":false,"lineThrough":false,"applyOutlineToUnderline":false,"outlineColor":"white","wordDivider":" ","forceResizeWidth":false,"metadata":{"_previousCenter":{"x":1,"y":216.67410278320312},"localBounds":{"left":-224.07855,"top":-23.662600000000005,"right":290.17,"bottom":23.662600000000005},"storedValues":{"left":-37.196000000000005,"top":306.1768,"right":410.9611,"bottom":353.502}},"isHitTestVisible":true,"isPointerBlocker":true,"isFocusInvisible":false,"clipChildren":true,"clipContent":true,"useBitmapCache":false,"shadowOffsetX":0,"shadowOffsetY":0,"shadowBlur":0,"shadowColor":"black","hoverCursor":"","fontOffset":{"ascent":16.3636474609375,"height":20.9090576171875,"descent":4.54541015625},"alpha":1,"isSerializable":true,"scaleX":1,"scaleY":1,"rotation":0,"transformCenterY":0.5,"transformCenterX":0.5,"horizontalAlignment":2,"verticalAlignment":2,"fixedRatio":0,"fixedRatioMasterIsWidth":true,"width":"94.01%","height":"4.94%","color":"#FFFFFFFF","zIndex":0,"notRenderable":false,"isVisible":true,"descendantsOnlyPadding":false,"paddingLeft":"0px","paddingRight":"0px","paddingTop":"0px","paddingBottom":"0px","left":"0%","top":"36.37%","linkOffsetX":"0px","linkOffsetY":"0px","isEnabled":true,"disabledColor":"#9a9a9a","disabledColorItem":"#6a6a6a","name":"Textblock","className":"TextBlock","fontSize":"3.1300000000000003%"},{"tags":null,"resizeToFit":false,"textWrapping":0,"text":"Instituto Federal do Paraná (IFPR)","textHorizontalAlignment":2,"textVerticalAlignment":2,"lineSpacing":"0px","outlineWidth":0,"underline":false,"lineThrough":false,"applyOutlineToUnderline":false,"outlineColor":"#FFFFFFFF","wordDivider":" ","forceResizeWidth":false,"metadata":{"_previousCenter":{"x":1,"y":243.83349609375},"localBounds":{"left":-252.6448,"top":-14.0934,"right":252.6448,"bottom":22.07},"storedValues":{"left":0,"top":252.98568840270468,"right":505.2896,"bottom":281.1724884027047}},"isHitTestVisible":true,"isPointerBlocker":true,"isFocusInvisible":false,"clipChildren":true,"clipContent":true,"useBitmapCache":false,"shadowOffsetX":0,"shadowOffsetY":0,"shadowBlur":0,"shadowColor":"black","hoverCursor":"","fontOffset":{"ascent":13.63641357421875,"height":18.18182373046875,"descent":4.54541015625},"alpha":1,"isSerializable":true,"scaleX":1,"scaleY":1,"rotation":0,"transformCenterY":0.5,"transformCenterX":0.5,"horizontalAlignment":2,"verticalAlignment":2,"fixedRatio":0,"fixedRatioMasterIsWidth":false,"width":"93.92%","height":"4.26%","color":"#FFFFFFFF","zIndex":0,"notRenderable":false,"isVisible":true,"descendantsOnlyPadding":false,"paddingLeft":"0px","paddingRight":"0px","paddingTop":"0px","paddingBottom":"0px","left":"0%","top":"40.95%","linkOffsetX":"0px","linkOffsetY":"0px","isEnabled":true,"disabledColor":"#9a9a9a","disabledColorItem":"#6a6a6a","name":"Textblock","className":"TextBlock","fontSize":"2.6%"},{"tags":null,"resizeToFit":false,"textWrapping":0,"text":"www.fisicagames.com.br","textHorizontalAlignment":2,"textVerticalAlignment":2,"lineSpacing":"0px","outlineWidth":0,"underline":false,"lineThrough":false,"applyOutlineToUnderline":false,"outlineColor":"white","wordDivider":" ","forceResizeWidth":false,"metadata":{"_previousCenter":{"x":1,"y":268.7987976074219},"localBounds":{"left":-252.6448,"top":-14.0934,"right":252.6448,"bottom":35.5},"storedValues":{"left":0,"top":359.7213,"right":505.2896,"bottom":387.9081}},"isHitTestVisible":true,"isPointerBlocker":true,"isFocusInvisible":false,"clipChildren":true,"clipContent":true,"useBitmapCache":false,"shadowOffsetX":0,"shadowOffsetY":0,"shadowBlur":0,"shadowColor":"black","hoverCursor":"","fontOffset":{"ascent":19.09088134765625,"height":24.54547119140625,"descent":5.45458984375},"alpha":1,"isSerializable":true,"scaleX":1,"scaleY":1,"rotation":0,"transformCenterY":0.5,"transformCenterX":0.5,"horizontalAlignment":2,"verticalAlignment":2,"fixedRatio":0,"fixedRatioMasterIsWidth":false,"width":"93.92%","height":"5.84%","color":"#FFFFFFFF","zIndex":0,"notRenderable":false,"isVisible":true,"descendantsOnlyPadding":false,"paddingLeft":"0px","paddingRight":"0px","paddingTop":"0px","paddingBottom":"0px","left":"0%","top":"45.16%","linkOffsetX":"0px","linkOffsetY":"0px","isEnabled":true,"disabledColor":"#9a9a9a","disabledColorItem":"#6a6a6a","name":"TextblockMenuLink","className":"TextBlock","fontSize":"3.53%"},{"tags":null,"resizeToFit":false,"textWrapping":0,"text":"🔊","textHorizontalAlignment":2,"textVerticalAlignment":2,"lineSpacing":"0px","outlineWidth":0,"underline":false,"lineThrough":false,"applyOutlineToUnderline":false,"outlineColor":"white","wordDivider":" ","forceResizeWidth":false,"metadata":{"_previousCenter":{"x":-41.599700927734375,"y":-272.0172119140625},"localBounds":{"left":-6.52,"top":-22.771199999999997,"right":51.4374,"bottom":22.771199999999997},"storedValues":{"left":-108.46870000000001,"top":-272.0684,"right":-5.593900000000019,"bottom":-226.526}},"isHitTestVisible":true,"isPointerBlocker":true,"isFocusInvisible":false,"clipChildren":true,"clipContent":true,"useBitmapCache":false,"shadowOffsetX":0,"shadowOffsetY":0,"shadowBlur":0,"shadowColor":"black","hoverCursor":"","fontOffset":{"ascent":27.272705078125,"height":34.54547119140625,"descent":7.27276611328125},"alpha":1,"isSerializable":true,"scaleX":1,"scaleY":1,"rotation":0,"transformCenterY":0.5,"transformCenterX":0.5,"horizontalAlignment":2,"verticalAlignment":2,"fixedRatio":0,"fixedRatioMasterIsWidth":false,"width":"17.51%","height":"7.68%","color":"#F1E7B6FF","zIndex":0,"notRenderable":false,"isVisible":true,"descendantsOnlyPadding":false,"paddingLeft":"0px","paddingRight":"0px","paddingTop":"0px","paddingBottom":"0px","left":"-12.869999999999997%","top":"-46.04%","linkOffsetX":"0px","linkOffsetY":"0px","isEnabled":true,"disabledColor":"#9a9a9a","disabledColorItem":"#6a6a6a","name":"TextblockMenuMusic","className":"TextBlock","fontSize":"5%"},{"tags":null,"resizeToFit":false,"textWrapping":1,"text":"Objetivo: troque as fontes de calor no momento certo para maximizar o rendimento da máquina e se aproximar do valor máximo definido pelo rendimento de Carnot!","textHorizontalAlignment":2,"textVerticalAlignment":2,"lineSpacing":"0px","outlineWidth":0,"underline":false,"lineThrough":false,"applyOutlineToUnderline":false,"outlineColor":"white","wordDivider":" ","forceResizeWidth":false,"metadata":{"_previousCenter":{"x":1,"y":-52.844398498535156},"localBounds":{"left":-147.626,"top":-40.94665,"right":147.626,"bottom":74.15},"storedValues":{"left":0,"top":-101.69949999999999,"right":295.252,"bottom":-19.80619999999999}},"isHitTestVisible":true,"isPointerBlocker":true,"isFocusInvisible":false,"clipChildren":true,"clipContent":true,"useBitmapCache":false,"shadowOffsetX":1,"shadowOffsetY":1,"shadowBlur":5,"shadowColor":"black","hoverCursor":"","fontOffset":{"ascent":16.3636474609375,"height":20.9090576171875,"descent":4.54541015625},"alpha":1,"isSerializable":true,"scaleX":1,"scaleY":1,"rotation":0,"transformCenterY":0.5,"transformCenterX":0.5,"horizontalAlignment":2,"verticalAlignment":2,"fixedRatio":0,"fixedRatioMasterIsWidth":false,"width":"89.2%","height":"19.41%","color":"#FFFFFFFF","zIndex":0,"notRenderable":false,"isVisible":true,"descendantsOnlyPadding":false,"paddingLeft":"0px","paddingRight":"0px","paddingTop":"0px","paddingBottom":"0px","left":"0%","top":"-9.08%","linkOffsetX":"0px","linkOffsetY":"0px","isEnabled":true,"disabledColor":"#9a9a9a","disabledColorItem":"#6a6a6a","name":"TextblockMeta","className":"TextBlock","fontSize":"2.99%"},{"tags":null,"thickness":1,"cornerRadius":0,"cornerRadiusX":0,"cornerRadiusY":0,"cornerRadiusZ":0,"cornerRadiusW":0,"delegatePickingToChildren":false,"renderToIntermediateTexture":false,"maxLayoutCycle":3,"adaptHeightToChildren":false,"adaptWidthToChildren":false,"background":"#686D76FF","metadata":{"_previousCenter":{"x":112.64630126953125,"y":-275.69378662109375},"localBounds":{"left":-66.44,"top":-20,"right":84.415,"bottom":20},"storedValues":{"left":175.49265203731235,"top":-447.05,"right":344.32265203731237,"bottom":-407.05}},"isHitTestVisible":true,"isPointerBlocker":true,"isFocusInvisible":false,"clipChildren":true,"clipContent":true,"useBitmapCache":false,"shadowOffsetX":0,"shadowOffsetY":0,"shadowBlur":0,"shadowColor":"black","hoverCursor":"","fontOffset":{"ascent":10,"height":14.54541015625,"descent":4.54541015625},"alpha":1,"isSerializable":true,"scaleX":1,"scaleY":1,"rotation":0,"transformCenterY":0.5,"transformCenterX":0.5,"horizontalAlignment":2,"verticalAlignment":2,"fixedRatio":0,"fixedRatioMasterIsWidth":false,"width":"27.58%","height":"4.18%","color":"#ffffff","zIndex":0,"notRenderable":false,"isVisible":true,"descendantsOnlyPadding":false,"paddingLeft":"0px","paddingRight":"0px","paddingTop":"0px","paddingBottom":"0px","left":"33.73%","top":"-46.66%","linkOffsetX":"0px","linkOffsetY":"0px","isEnabled":true,"disabledColor":"#9a9a9a","disabledColorItem":"#6a6a6a","name":"ButtonLang","className":"Button","fontSize":"1.8799999999999997%","children":[{"tags":null,"resizeToFit":false,"textWrapping":1,"text":"ENGLISH","textHorizontalAlignment":2,"textVerticalAlignment":2,"lineSpacing":"0px","outlineWidth":0,"underline":false,"lineThrough":false,"applyOutlineToUnderline":false,"outlineColor":"#DC5F00FF","wordDivider":" ","forceResizeWidth":false,"metadata":{"_previousCenter":{"x":0.4700000286102295,"y":2.0010000467300415},"localBounds":{"left":-84.06,"top":-19,"right":83,"bottom":19},"storedValues":{"left":0,"top":0,"right":166,"bottom":38}},"isHitTestVisible":true,"isPointerBlocker":false,"isFocusInvisible":false,"clipChildren":true,"clipContent":true,"useBitmapCache":false,"shadowOffsetX":0,"shadowOffsetY":0,"shadowBlur":0,"shadowColor":"#DC5F00","hoverCursor":"","fontOffset":{"ascent":11.81817626953125,"height":16.36358642578125,"descent":4.54541015625},"alpha":1,"isSerializable":true,"scaleX":1,"scaleY":1,"rotation":0,"transformCenterY":0.5,"transformCenterX":0.5,"horizontalAlignment":2,"verticalAlignment":2,"fixedRatio":0,"fixedRatioMasterIsWidth":false,"width":"100.64%","height":"99.98%","color":"#FFFFFFFF","zIndex":0,"notRenderable":false,"isVisible":true,"descendantsOnlyPadding":false,"paddingLeft":"0px","paddingRight":"0px","paddingTop":"0px","paddingBottom":"0px","left":"-0.53px","top":"4.55%","linkOffsetX":"0px","linkOffsetY":"0px","isEnabled":true,"disabledColor":"#9a9a9a","disabledColorItem":"#6a6a6a","name":"Button_button","className":"TextBlock","fontSize":"61.01%"}],"textBlockName":"Button_button"},{"tags":null,"resizeToFit":false,"textWrapping":0,"text":"Música:","textHorizontalAlignment":2,"textVerticalAlignment":2,"lineSpacing":"0px","outlineWidth":0,"underline":false,"lineThrough":false,"applyOutlineToUnderline":false,"outlineColor":"white","wordDivider":" ","forceResizeWidth":false,"metadata":{"localBounds":{"left":21.83,"top":-14.905,"right":112.685,"bottom":14.905},"storedValues":{"left":-127.05780860285279,"top":-272.9206517925858,"right":98.31219139714722,"bottom":-243.11065179258577},"_previousCenter":{"x":-101.48233795166016,"y":-274.2997131347656}},"isHitTestVisible":true,"isPointerBlocker":true,"isFocusInvisible":false,"clipChildren":true,"clipContent":true,"useBitmapCache":false,"shadowOffsetX":0,"shadowOffsetY":0,"shadowBlur":0,"shadowColor":"black","hoverCursor":"","fontOffset":{"ascent":18.18182373046875,"height":23.6363525390625,"descent":5.45452880859375},"alpha":1,"isSerializable":true,"scaleX":1,"scaleY":1,"rotation":0,"transformCenterY":0.5,"transformCenterX":0.5,"horizontalAlignment":2,"verticalAlignment":2,"fixedRatio":0,"fixedRatioMasterIsWidth":false,"width":"90.86px","height":"29.81px","color":"#FFFFFFFF","zIndex":0,"notRenderable":false,"isVisible":true,"descendantsOnlyPadding":false,"paddingLeft":"0px","paddingRight":"0px","paddingTop":"0px","paddingBottom":"0px","left":"-102.48234108221747px","top":"-275.2997242582576px","linkOffsetX":"0px","linkOffsetY":"0px","isEnabled":true,"disabledColor":"#9a9a9a","disabledColorItem":"#6a6a6a","name":"TextblockMusic","className":"TextBlock","fontSize":"20px"},{"tags":null,"thickness":1,"cornerRadius":0,"cornerRadiusX":0,"cornerRadiusY":0,"cornerRadiusZ":0,"cornerRadiusW":0,"delegatePickingToChildren":false,"renderToIntermediateTexture":false,"maxLayoutCycle":3,"adaptHeightToChildren":false,"adaptWidthToChildren":false,"background":"#C99039FF","metadata":{"_previousCenter":{"x":1,"y":180.6790008544922},"localBounds":{"left":-151.6311,"top":-20.19165,"right":158.92,"bottom":20.19165},"storedValues":{"left":-1.4564000000000001,"top":148.25,"right":301.80580000000003,"bottom":188.6333}},"isHitTestVisible":true,"isPointerBlocker":true,"isFocusInvisible":false,"clipChildren":true,"clipContent":true,"useBitmapCache":false,"shadowOffsetX":10,"shadowOffsetY":10,"shadowBlur":0,"shadowColor":"#787373FF","hoverCursor":"","fontOffset":{"ascent":11.81817626953125,"height":16.36358642578125,"descent":4.54541015625},"alpha":1,"isSerializable":true,"scaleX":1,"scaleY":1,"rotation":0,"transformCenterY":0.5,"transformCenterX":0.5,"horizontalAlignment":2,"verticalAlignment":2,"fixedRatio":0,"fixedRatioMasterIsWidth":false,"width":"93.82%","height":"6.81%","color":"#FFFFFFFF","zIndex":0,"notRenderable":false,"isVisible":false,"descendantsOnlyPadding":false,"paddingLeft":"0px","paddingRight":"0px","paddingTop":"0px","paddingBottom":"0px","left":"0%","top":"30.3%","linkOffsetX":"0px","linkOffsetY":"0px","isEnabled":true,"disabledColor":"#9a9a9a","disabledColorItem":"#6a6a6a","name":"ButtonMenuStartC","className":"Button","fontSize":"2.12%","children":[{"tags":null,"resizeToFit":false,"textWrapping":1,"text":"Júpiter: g = 24,8 m/s²","textHorizontalAlignment":2,"textVerticalAlignment":2,"lineSpacing":"0px","outlineWidth":0,"underline":false,"lineThrough":false,"applyOutlineToUnderline":false,"outlineColor":"white","wordDivider":" ","forceResizeWidth":false,"metadata":{"_previousCenter":{"x":4.264800071716309,"y":3.2990000247955322},"localBounds":{"left":-128.85,"top":-19,"right":149.66775,"bottom":19},"storedValues":{"left":-7.3815,"top":2.299,"right":291.954,"bottom":40.299}},"isHitTestVisible":true,"isPointerBlocker":false,"isFocusInvisible":false,"clipChildren":true,"clipContent":true,"useBitmapCache":false,"shadowOffsetX":0,"shadowOffsetY":0,"shadowBlur":0,"shadowColor":"black","hoverCursor":"","fontOffset":{"ascent":27.272705078125,"height":34.54547119140625,"descent":7.27276611328125},"alpha":1,"isSerializable":true,"scaleX":1,"scaleY":1,"rotation":0,"transformCenterY":0.5,"transformCenterX":0.5,"horizontalAlignment":2,"verticalAlignment":2,"fixedRatio":0,"fixedRatioMasterIsWidth":false,"width":"97.73%","height":"100%","color":"#F8EDEDFF","zIndex":0,"notRenderable":false,"isVisible":true,"descendantsOnlyPadding":false,"paddingLeft":"0px","paddingRight":"0px","paddingTop":"0px","paddingBottom":"0px","left":"1.06%","top":"6.05%","linkOffsetX":"0px","linkOffsetY":"0px","isEnabled":true,"disabledColor":"#9a9a9a","disabledColorItem":"#6a6a6a","name":"Button_button","className":"TextBlock","fontFamily":"Arial","fontSize":"78.95%"}],"textBlockName":"Button_button"},{"tags":null,"thickness":1,"cornerRadius":0,"cornerRadiusX":0,"cornerRadiusY":0,"cornerRadiusZ":0,"cornerRadiusW":0,"delegatePickingToChildren":false,"renderToIntermediateTexture":false,"maxLayoutCycle":3,"adaptHeightToChildren":false,"adaptWidthToChildren":false,"background":"#634217FF","metadata":{"_previousCenter":{"x":1,"y":165.32029724121094},"localBounds":{"left":-99.3,"top":-20.19165,"right":175.45,"bottom":20.19165},"storedValues":{"left":-37.138200000000005,"top":89.78020000000001,"right":161.46179999999998,"bottom":130.1635}},"isHitTestVisible":true,"isPointerBlocker":true,"isFocusInvisible":false,"clipChildren":true,"clipContent":true,"useBitmapCache":false,"shadowOffsetX":5,"shadowOffsetY":5,"shadowBlur":0,"shadowColor":"#080703FF","hoverCursor":"","fontOffset":{"ascent":11.81817626953125,"height":16.36358642578125,"descent":4.54541015625},"alpha":1,"isSerializable":true,"scaleX":1,"scaleY":1,"rotation":0,"transformCenterY":0.5,"transformCenterX":0.5,"horizontalAlignment":2,"verticalAlignment":2,"fixedRatio":0,"fixedRatioMasterIsWidth":true,"width":"93.82%","height":"6.81%","color":"#FFFFFFFF","zIndex":0,"notRenderable":false,"isVisible":false,"descendantsOnlyPadding":false,"paddingLeft":"0px","paddingRight":"0px","paddingTop":"0px","paddingBottom":"0px","left":"0%","top":"27.71%","linkOffsetX":"0px","linkOffsetY":"0px","isEnabled":true,"disabledColor":"#9a9a9a","disabledColorItem":"#6a6a6a","name":"ButtonMenuStartB","className":"Button","fontSize":"2.12%","children":[{"tags":null,"resizeToFit":false,"textWrapping":1,"text":"Movimento Linear","textHorizontalAlignment":2,"textVerticalAlignment":2,"lineSpacing":"0px","outlineWidth":0,"underline":false,"lineThrough":false,"applyOutlineToUnderline":false,"outlineColor":"white","wordDivider":" ","forceResizeWidth":false,"metadata":{"_previousCenter":{"x":0.876800000667572,"y":3.302799940109253},"localBounds":{"left":-80.5,"top":-29,"right":80.39,"bottom":29},"storedValues":{"left":0,"top":0,"right":161,"bottom":58}},"isHitTestVisible":true,"isPointerBlocker":false,"isFocusInvisible":false,"clipChildren":true,"clipContent":true,"useBitmapCache":false,"shadowOffsetX":0,"shadowOffsetY":0,"shadowBlur":0,"shadowColor":"black","hoverCursor":"","fontOffset":{"ascent":27.272705078125,"height":34.54547119140625,"descent":7.27276611328125},"alpha":1,"isSerializable":true,"scaleX":1,"scaleY":1,"rotation":0,"transformCenterY":0.5,"transformCenterX":0.5,"horizontalAlignment":2,"verticalAlignment":2,"fixedRatio":0,"fixedRatioMasterIsWidth":false,"width":"99.93%","height":"100%","color":"#FFF5B6FF","zIndex":0,"notRenderable":false,"isVisible":true,"descendantsOnlyPadding":false,"paddingLeft":"0px","paddingRight":"0px","paddingTop":"0px","paddingBottom":"0px","left":"-0.04%","top":"6.06%","linkOffsetX":"0px","linkOffsetY":"0px","isEnabled":true,"disabledColor":"#9a9a9a","disabledColorItem":"#6a6a6a","name":"Button_button","className":"TextBlock","fontFamily":"Arial","fontSize":"78.95%"}],"textBlockName":"Button_button"},{"tags":null,"thickness":1,"cornerRadius":0,"cornerRadiusX":0,"cornerRadiusY":0,"cornerRadiusZ":0,"cornerRadiusW":0,"delegatePickingToChildren":false,"renderToIntermediateTexture":false,"maxLayoutCycle":3,"adaptHeightToChildren":false,"adaptWidthToChildren":false,"background":"#000485FF","metadata":{"_previousCenter":{"x":1,"y":156.6031951904297},"localBounds":{"left":6.839999999999999,"top":-20.19165,"right":155.2721,"bottom":20.19165},"storedValues":{"left":0,"top":130.46,"right":310.5442,"bottom":170.8433}},"isHitTestVisible":true,"isPointerBlocker":true,"isFocusInvisible":false,"clipChildren":true,"clipContent":true,"useBitmapCache":false,"shadowOffsetX":5,"shadowOffsetY":5,"shadowBlur":0,"shadowColor":"#080703FF","hoverCursor":"","fontOffset":{"ascent":11.81817626953125,"height":16.36358642578125,"descent":4.54541015625},"alpha":1,"isSerializable":true,"scaleX":1,"scaleY":1,"rotation":0,"transformCenterY":0.5,"transformCenterX":0.5,"horizontalAlignment":2,"verticalAlignment":2,"fixedRatio":0,"fixedRatioMasterIsWidth":false,"width":"44.84%","height":"6.81%","color":"#FFFFFFFF","zIndex":0,"notRenderable":false,"isVisible":true,"descendantsOnlyPadding":false,"paddingLeft":"0px","paddingRight":"0px","paddingTop":"0px","paddingBottom":"0px","left":"10px","top":"165.6032px","linkOffsetX":"0px","linkOffsetY":"0px","isEnabled":true,"disabledColor":"#9a9a9a","disabledColorItem":"#6a6a6a","name":"ButtonMenuStartA","className":"Button","fontSize":"2.12%","children":[{"tags":null,"resizeToFit":false,"textWrapping":1,"text":"Iniciar","textHorizontalAlignment":2,"textVerticalAlignment":2,"lineSpacing":"0px","outlineWidth":0,"underline":false,"lineThrough":false,"applyOutlineToUnderline":false,"outlineColor":"white","wordDivider":" ","forceResizeWidth":false,"metadata":{"_previousCenter":{"x":1,"y":3.302799940109253},"localBounds":{"left":-80.5,"top":-29,"right":80.39,"bottom":29},"storedValues":{"left":0,"top":0,"right":161,"bottom":58}},"isHitTestVisible":true,"isPointerBlocker":false,"isFocusInvisible":false,"clipChildren":true,"clipContent":true,"useBitmapCache":false,"shadowOffsetX":0,"shadowOffsetY":0,"shadowBlur":0,"shadowColor":"black","hoverCursor":"","fontOffset":{"ascent":27.272705078125,"height":34.54547119140625,"descent":7.27276611328125},"alpha":1,"isSerializable":true,"scaleX":1,"scaleY":1,"rotation":0,"transformCenterY":0.5,"transformCenterX":0.5,"horizontalAlignment":2,"verticalAlignment":2,"fixedRatio":0,"fixedRatioMasterIsWidth":false,"width":"99.93%","height":"100%","color":"#66F50FFF","zIndex":0,"notRenderable":false,"isVisible":true,"descendantsOnlyPadding":false,"paddingLeft":"0px","paddingRight":"0px","paddingTop":"0px","paddingBottom":"0px","left":"0%","top":"6.06%","linkOffsetX":"0px","linkOffsetY":"0px","isEnabled":true,"disabledColor":"#9a9a9a","disabledColorItem":"#6a6a6a","name":"Button_button","className":"TextBlock","fontFamily":"Arial","fontSize":"78.95%"}],"textBlockName":"Button_button"}]}]},"width":333,"height":595}